{
  "blend": 1.0,
  "calibration": {
    "method": "platt",
    "params": {
      "a": 1.624291,
      "b": 0.153601
    }
  },
  "feature_names": [
    "adapter_is_generic",
    "adapter_is_python_pytest",
    "evidence_count",
    "exception_count",
    "failing_collection_file_count",
    "failing_test_count",
    "has_test_command",
    "heuristic_score",
    "incomplete_source_count",
    "incomplete_test_count",
    "interface_symbol_count",
    "obs__completion_pattern",
    "obs__coverage_preservation_invariant",
    "obs__failing_test_breadth",
    "obs__mixed_pass_fail_surface",
    "obs__relevant_file_breadth",
    "obs__terminal_source_focus",
    "passing_test_count",
    "preserve_collected_test_coverage",
    "python_pytest_command",
    "relevant_file_count",
    "source_focus_count",
    "state__broad_regression",
    "terminal_source_count"
  ],
  "intercept": -0.40314499954946836,
  "lower": 0.0,
  "policy_version": "calibrated-v1",
  "regime": "broad_regression",
  "training_metadata": {
    "calibration_run": "apex_calibration_20260514_200722",
    "ece": 0.009,
    "ece_uncalibrated": 0.0315,
    "fallback_reason": "smoke-30 controller_decisions.jsonl trace contained 143 records but 0 policy_evaluations targeting regime.* models; trainer fell back to the synthetic 320-example/regime dataset. Weights/calibration are unchanged from the synthetic prior; policy_version stamp left as calibrated-v1 per the explicit --policy-version flag.",
    "historical_examples": 0,
    "n_examples": 320,
    "n_train": 240,
    "n_val": 80,
    "positive_fraction": 0.5208,
    "source_smoke_dir": "/tmp/apex_smoke30_20260514_171153",
    "synthetic": true,
    "synthetic_examples": 320,
    "train_accuracy": 1.0,
    "val_accuracy": 1.0
  },
  "transform": "logistic",
  "upper": 1.0,
  "weights": [
    -0.23914488424186833,
    0.008410594511620908,
    -1.84587431784198,
    -0.15241821237730285,
    -0.0519051549038154,
    1.242342107227254,
    -0.2307342897302475,
    1.034619958946143,
    -0.1491022605918726,
    -0.25806827101702856,
    -0.08957327742838986,
    -0.6997772264764667,
    0.7544898947287637,
    1.3857769832375115,
    0.7955151357837504,
    0.8261759944639349,
    -0.6447304422611871,
    1.9411515109565496,
    -0.008540419081891874,
    0.008410594511620908,
    0.36888813356135125,
    -0.08932877037252046,
    2.417450339476309,
    -1.286680174187807
  ]
}
