{
  "blend": 1.0,
  "calibration": {
    "method": "platt",
    "params": {
      "a": 1.520495,
      "b": 0.055875
    }
  },
  "feature_names": [
    "adapter_is_generic",
    "adapter_is_python_pytest",
    "evidence_count",
    "exception_count",
    "failing_collection_file_count",
    "failing_test_count",
    "has_test_command",
    "heuristic_score",
    "incomplete_source_count",
    "incomplete_test_count",
    "interface_symbol_count",
    "obs__completion_pattern",
    "obs__failing_test_breadth",
    "obs__incomplete_source_scaffold",
    "obs__incomplete_test_scaffold",
    "obs__public_api_contract",
    "obs__zero_passing_with_traceback",
    "passing_test_count",
    "preserve_collected_test_coverage",
    "python_pytest_command",
    "relevant_file_count",
    "source_focus_count",
    "state__contract_gap",
    "terminal_source_count"
  ],
  "intercept": -0.12643276568881695,
  "lower": 0.0,
  "policy_version": "calibrated-v1",
  "regime": "contract_gap",
  "training_metadata": {
    "calibration_run": "apex_calibration_20260514_200722",
    "ece": 0.0065,
    "ece_uncalibrated": 0.024,
    "fallback_reason": "smoke-30 controller_decisions.jsonl trace contained 143 records but 0 policy_evaluations targeting regime.* models; trainer fell back to the synthetic 320-example/regime dataset. Weights/calibration are unchanged from the synthetic prior; policy_version stamp left as calibrated-v1 per the explicit --policy-version flag.",
    "historical_examples": 0,
    "n_examples": 320,
    "n_train": 240,
    "n_val": 80,
    "positive_fraction": 0.5,
    "source_smoke_dir": "/tmp/apex_smoke30_20260514_171153",
    "synthetic": true,
    "synthetic_examples": 320,
    "train_accuracy": 1.0,
    "val_accuracy": 1.0
  },
  "transform": "logistic",
  "upper": 1.0,
  "weights": [
    -0.058230342135817396,
    -0.01634064534663775,
    -0.5965678998596414,
    -1.338435450885627,
    -0.22575775951203134,
    -0.8152245990911562,
    -0.07457098748245518,
    0.862997510976945,
    1.6591746327160886,
    0.7237842438805819,
    -0.0649693760222671,
    1.3002691115519975,
    -0.3736535091222859,
    1.0021551337392105,
    0.6476195505695082,
    0.625305213704759,
    -0.7595688890370671,
    -0.6061732140237667,
    -0.13684592947024715,
    -0.01634064534663775,
    -0.029042090892313105,
    0.060140108849131506,
    2.4421266114061213,
    -0.07540678298092898
  ]
}
