{
  "blend": 1.0,
  "calibration": {
    "method": "platt",
    "params": {
      "a": 1.613321,
      "b": -0.114673
    }
  },
  "feature_names": [
    "adapter_is_generic",
    "adapter_is_python_pytest",
    "evidence_count",
    "exception_count",
    "failing_collection_file_count",
    "failing_test_count",
    "has_test_command",
    "heuristic_score",
    "incomplete_source_count",
    "incomplete_test_count",
    "interface_symbol_count",
    "obs__interface_symbol_signal",
    "obs__multi_module_focus",
    "obs__public_api_pattern",
    "obs__zero_passing_with_traceback",
    "passing_test_count",
    "preserve_collected_test_coverage",
    "python_pytest_command",
    "relevant_file_count",
    "source_focus_count",
    "state__high_interface_risk",
    "terminal_source_count"
  ],
  "intercept": -0.6452277760471826,
  "lower": 0.0,
  "policy_version": "calibrated-v1",
  "regime": "high_interface_risk",
  "training_metadata": {
    "calibration_run": "apex_calibration_20260514_200722",
    "ece": 0.0081,
    "ece_uncalibrated": 0.0317,
    "fallback_reason": "smoke-30 controller_decisions.jsonl trace contained 143 records but 0 policy_evaluations targeting regime.* models; trainer fell back to the synthetic 320-example/regime dataset. Weights/calibration are unchanged from the synthetic prior; policy_version stamp left as calibrated-v1 per the explicit --policy-version flag.",
    "historical_examples": 0,
    "n_examples": 320,
    "n_train": 240,
    "n_val": 80,
    "positive_fraction": 0.4833,
    "source_smoke_dir": "/tmp/apex_smoke30_20260514_171153",
    "synthetic": true,
    "synthetic_examples": 320,
    "train_accuracy": 1.0,
    "val_accuracy": 1.0
  },
  "transform": "logistic",
  "upper": 1.0,
  "weights": [
    -0.23512372071051985,
    0.016498003108686904,
    -1.500622318108745,
    -1.056594742447293,
    -0.047515196896287804,
    -0.1349651537122788,
    -0.21862571760183386,
    1.390746712424874,
    -0.1283139897085714,
    -0.06587101275275503,
    1.80472659042442,
    1.3591483132861575,
    0.8656943777364282,
    1.0830273780328181,
    -0.5891175958239687,
    -0.21837427064561918,
    -0.03670462732728214,
    0.016498003108686904,
    -0.220015017199069,
    0.8647610172429337,
    2.7187524732314343,
    -0.11156692935648879
  ]
}
