{
  "blend": 1.0,
  "calibration": {
    "method": "platt",
    "params": {
      "a": 1.537445,
      "b": -0.321674
    }
  },
  "feature_names": [
    "adapter_is_generic",
    "adapter_is_python_pytest",
    "evidence_count",
    "exception_count",
    "failing_collection_file_count",
    "failing_test_count",
    "has_test_command",
    "heuristic_score",
    "incomplete_source_count",
    "incomplete_test_count",
    "interface_symbol_count",
    "obs__collection_error_cluster",
    "obs__failing_test_breadth",
    "obs__incomplete_source_scaffold",
    "obs__terminal_source_focus",
    "obs__zero_passing_with_traceback",
    "passing_test_count",
    "preserve_collected_test_coverage",
    "python_pytest_command",
    "relevant_file_count",
    "source_focus_count",
    "state__importability_blocker",
    "terminal_source_count"
  ],
  "intercept": -0.7007430362988012,
  "lower": 0.0,
  "policy_version": "calibrated-v1",
  "regime": "importability_blocker",
  "training_metadata": {
    "calibration_run": "apex_calibration_20260514_200722",
    "ece": 0.0125,
    "ece_uncalibrated": 0.0298,
    "fallback_reason": "smoke-30 controller_decisions.jsonl trace contained 143 records but 0 policy_evaluations targeting regime.* models; trainer fell back to the synthetic 320-example/regime dataset. Weights/calibration are unchanged from the synthetic prior; policy_version stamp left as calibrated-v1 per the explicit --policy-version flag.",
    "historical_examples": 0,
    "n_examples": 320,
    "n_train": 240,
    "n_val": 80,
    "positive_fraction": 0.4917,
    "source_smoke_dir": "/tmp/apex_smoke30_20260514_171153",
    "synthetic": true,
    "synthetic_examples": 320,
    "train_accuracy": 0.9958,
    "val_accuracy": 1.0
  },
  "transform": "logistic",
  "upper": 1.0,
  "weights": [
    -0.030318115394926327,
    -0.12732645920226882,
    -1.1035120221803665,
    1.5392666765172132,
    1.2582004189458997,
    -1.0548329013180728,
    -0.15764457459719544,
    1.172701601849423,
    -0.7514162524623107,
    -0.13059254232426817,
    0.030119797635666138,
    1.255341071191872,
    -0.40287185631689665,
    -0.6014407756700583,
    0.6759544320301751,
    1.3457508925053283,
    -0.6163868008042049,
    -0.049155285414189155,
    -0.12732645920226882,
    -0.2961986183539749,
    -0.06055633546680797,
    2.272733763740425,
    0.6636310311891541
  ]
}
